Date,Release Date,Type,Text
2026-12-09,2026-12-09,Scheduled Meeting,None
2026-10-28,2026-10-28,Scheduled Meeting,None
2026-09-16,2026-09-16,Scheduled Meeting,None
2026-07-29,2026-07-29,Scheduled Meeting,None
2026-06-17,2026-06-17,Scheduled Meeting,None
2026-04-29,2026-04-29,Scheduled Meeting,None
2026-03-18,2026-03-18,Scheduled Meeting,None
2026-01-28,2026-01-28,Scheduled Meeting,None
2025-12-10,2025-12-10,Scheduled Meeting,None
2025-10-29,2025-10-29,Scheduled Meeting,None
2025-09-17,2025-09-17,Scheduled Meeting,None
2025-07-30,2025-07-30,Scheduled Meeting,None
2025-06-18,2025-06-18,Scheduled Meeting,None
2025-05-07,2025-05-07,Scheduled Meeting,None
2025-03-19,2025-03-19,Scheduled Meeting,None
2025-01-29,2025-01-29,Scheduled Meeting,None
2024-12-18,2024-12-18,Scheduled Meeting,None
2024-11-07,2024-11-07,Scheduled Meeting,None
2024-09-18,2024-09-18,Scheduled Meeting,None
2024-07-31,2024-07-31,Scheduled Meeting,None
2024-06-12,2024-06-12,Scheduled Meeting,None
2024-05-01,2024-05-01,Scheduled Meeting,None
2024-03-20,2024-03-20,Scheduled Meeting,None
2024-01-31,2024-01-31,Scheduled Meeting,None
2023-12-13,2023-12-13,Scheduled Meeting,None
2023-11-01,2023-11-01,Scheduled Meeting,None
2023-09-20,2023-09-20,Scheduled Meeting,None
2023-07-26,2023-07-26,Scheduled Meeting,None
2023-06-14,2023-06-14,Scheduled Meeting,None
2023-05-03,2023-05-03,Scheduled Meeting,None
2023-03-22,2023-03-22,Scheduled Meeting,None
2023-02-01,2023-02-01,Scheduled Meeting,None
2022-12-14,2022-12-14,Scheduled Meeting,None
2022-11-02,2022-11-02,Scheduled Meeting,None
2022-09-21,2022-09-21,Scheduled Meeting,None
2022-07-27,2022-07-27,Scheduled Meeting,None
2022-06-15,2022-06-15,Scheduled Meeting,None
2022-05-04,2022-05-04,Scheduled Meeting,None
2022-03-16,2022-03-16,Scheduled Meeting,None
2022-01-26,2022-01-26,Scheduled Meeting,None
2021-12-15,2021-12-15,Scheduled Meeting,None
2021-11-03,2021-11-03,Scheduled Meeting,None
2021-09-22,2021-09-22,Scheduled Meeting,None
2021-07-28,2021-07-28,Scheduled Meeting,None
2021-06-16,2021-06-16,Scheduled Meeting,None
2021-04-28,2021-04-28,Scheduled Meeting,None
2021-03-17,2021-03-17,Scheduled Meeting,None
2021-01-27,2021-01-27,Scheduled Meeting,None
2020-12-16,2020-12-16,Scheduled Meeting,None
2020-11-05,2020-11-05,Scheduled Meeting,None
2020-09-16,2020-09-16,Scheduled Meeting,None
2020-08-27,2020-08-27,Scheduled Meeting,None
2020-07-29,2020-07-29,Scheduled Meeting,None
2020-06-10,2020-06-10,Scheduled Meeting,None
2020-04-29,2020-04-29,Scheduled Meeting,None
2020-03-31,2020-03-31,Scheduled Meeting,None
2020-03-23,2020-03-23,Scheduled Meeting,None
2020-03-19,2020-03-19,Scheduled Meeting,None
2020-03-18,2020-03-18,Scheduled Meeting,None
2020-03-15,2020-03-15,Scheduled Meeting,None
2020-03-03,2020-03-03,Scheduled Meeting,None
2020-01-29,2020-01-29,Scheduled Meeting,None
